  4421,   483,  4421,   485
  4386,   478,  4388,   478
  4442,   514,  4442,   516
  4483,   529,  4483,   530
  4498,   500,  4499,   500
  4504,   475,  4508,   475
  4503,   572,  4502,   572
  4567,   621,  4566,   621
  4577,   675,  4577,   676
  4589,   729,  4586,   729
  4623,   787,  4622,   787
  4636,   800,  4636,   802
  4688,   814,  4688,   817
  4614,   869,  4612,   869
  4602,   881,  4601,   881
  4527,   954,  4530,   954
  4889,   791,  4887,   791
  4886,   837,  4884,   837
  4910,   958,  4907,   958
  4990,   864,  4989,   864
  4975,   913,  4974,   913
  4975,   935,  4974,   935
  4967,   936,  4967,   935
  5133,   933,  5131,   933
  5111,   999,  5109,   999
  5163,  1009,  5162,  1009
  5153,  1038,  5151,  1038
  5125,  1101,  5123,  1101
  5093,  1056,  5091,  1056
  5085,  1063,  5085,  1061
  5070,  1079,  5070,  1077
  4999,  1063,  4999,  1061
  4993,  1114,  4993,  1112
  5267,  1210,  5267,  1208
  5291,  1301,  5293,  1301
  5258,  1335,  5260,  1335
  5227,  1339,  5229,  1339
  4965,  1394,  4966,  1394
  4941,  1473,  4942,  1473
  4871,  1351,  4872,  1351
  4865,  1439,  4867,  1439
  4865,  1471,  4865,  1470
  4861,  1516,  4860,  1516
  4850,  1537,  4849,  1537
  4777,  1408,  4778,  1408
  4608,  1298,  4606,  1298
  4561,  1493,  4563,  1493
  4536,  1513,  4536,  1511
  4522,  1558,  4524,  1558
  4560,  1599,  4560,  1601
  4503,  1603,  4505,  1603
  4525,  1641,  4527,  1641
  4490,  1673,  4490,  1674
  4460,  1645,  4461,  1645
  4393,  1483,  4393,  1485
  4440,  1465,  4438,  1465
  4381,  1397,  4381,  1398
  4263,  1457,  4263,  1455
  4275,  1426,  4273,  1426
  4290,  1406,  4288,  1406
  4300,  1413,  4298,  1413
  4314,  1387,  4312,  1387
  4272,  1364,  4272,  1363
  4334,  1378,  4334,  1381
  4392,  1341,  4392,  1343
  4386,  1305,  4388,  1305
  4382,  1281,  4384,  1281
  4429,  1234,  4432,  1234
  4495,  1171,  4495,  1173
  4443,  1171,  4445,  1171
  4373,   989,  4373,   992
  4385,  1002,  4383,  1002
  4405,  1029,  4402,  1029
  4418,  1032,  4418,  1034
  4483,  1055,  4486,  1055
  4524,  1095,  4524,  1097
  4626,  1158,  4626,  1160
  4668,  1128,  4668,  1130
  4691,  1013,  4689,  1013
  4610,  1121,  4610,  1122
  4602,  1113,  4600,  1113
  4600,  1080,  4600,  1082
  4599,  1067,  4599,  1069
  4595,  1066,  4595,  1068
  4622,  1061,  4622,  1063
  4614,  1048,  4614,  1050
  4585,  1044,  4587,  1044
  4568,  1073,  4570,  1073
  4475,  1113,  4475,  1115
  4451,  1132,  4453,  1132
  4140,  1542,  4138,  1542
  4081,  1494,  4083,  1494
  4032,  1535,  4032,  1537
  4008,  1530,  4010,  1530
  3988,  1530,  3988,  1532
  3844,  1717,  3844,  1719
  3814,  1719,  3814,  1723
  3981,  2491,  3979,  2491
  3987,  2548,  3985,  2548
  4000,  2571,  3998,  2571
  4001,  2577,  4001,  2579
  3974,  2597,  3974,  2595
  4016,  2616,  4014,  2616
  4072,  2628,  4072,  2631
  4250,  2539,  4250,  2537
  4240,  2526,  4238,  2526
  4235,  2520,  4235,  2517
  4242,  2507,  4244,  2507
  4274,  2667,  4271,  2667
  4298,  2646,  4296,  2646
  4278,  2817,  4276,  2817
  4254,  2756,  4252,  2756
  4235,  2768,  4235,  2765
  4055,  2775,  4055,  2777
  3958,  2821,  3958,  2823
  3959,  2774,  3959,  2777
  3916,  2783,  3918,  2783
  4218,  2941,  4218,  2943
  4211,  2941,  4213,  2941
  4211,  2960,  4213,  2960
  4207,  3028,  4210,  3028
  3910,  3095,  3909,  3095
  3891,  3065,  3889,  3065
  3888,  3248,  3888,  3250
  3873,  3208,  3871,  3208
  3868,  3194,  3868,  3196
  3863,  3180,  3861,  3180
  4201,  3172,  4203,  3172
  4210,  3172,  4208,  3172
  4199,  3234,  4200,  3234
  4211,  3280,  4211,  3279
  4213,  3329,  4214,  3329
  4215,  3386,  4215,  3384
  4247,  3474,  4249,  3474
  4251,  3502,  4253,  3502
  4251,  3523,  4253,  3523
  4250,  3549,  4250,  3551
  4234,  3589,  4235,  3589
  4202,  3578,  4200,  3578
  4179,  3588,  4179,  3586
  4183,  3630,  4183,  3629
  4138,  3636,  4138,  3634
  4144,  3589,  4144,  3587
  4151,  3558,  4153,  3558
  4072,  3482,  4072,  3480
  4064,  3489,  4064,  3487
  4051,  3458,  4054,  3458
  3975,  3478,  3978,  3478
  3918,  3428,  3921,  3428
  3913,  3423,  3915,  3423
  3907,  3458,  3909,  3458
  3958,  3557,  3958,  3559
  3933,  3521,  3933,  3523
  3915,  3503,  3915,  3505
  3902,  3481,  3902,  3483
  3886,  3484,  3886,  3486
  3862,  3475,  3859,  3475
  3847,  3468,  3845,  3468
  3833,  3447,  3833,  3448
  3811,  3418,  3811,  3420
  3791,  3413,  3787,  3413
  3780,  3436,  3780,  3438
  3794,  3492,  3791,  3492
  3794,  3538,  3790,  3538
  3952,  3609,  3951,  3609
  3947,  3638,  3945,  3638
  3930,  3650,  3933,  3650
  3930,  3700,  3929,  3700
  3932,  3678,  3932,  3676
  3918,  3665,  3918,  3663
  3885,  3696,  3883,  3696
  3806,  3878,  3806,  3876
  3886,  3845,  3884,  3845
  3862,  3808,  3862,  3810
  3831,  3835,  3829,  3835
  3838,  3826,  3836,  3826
  3857,  3786,  3854,  3786
  3874,  3745,  3872,  3745
  3840,  3653,  3839,  3653
  3858,  3625,  3858,  3624
  4033,  3745,  4033,  3743
  4065,  3728,  4068,  3728
  3981,  3843,  3984,  3843
  3986,  3843,  3988,  3843
  4017,  3866,  4017,  3864
  4041,  3834,  4038,  3834
  4063,  3824,  4063,  3822
  4081,  3877,  4081,  3875
  3974,  4252,  3971,  4252
  3907,  4257,  3907,  4255
  3952,  4184,  3952,  4182
  3966,  4176,  3966,  4178
  3972,  4124,  3970,  4124
  3970,  4075,  3968,  4075
  3989,  4035,  3987,  4035
  3945,  3994,  3945,  3991
  3969,  3959,  3969,  3957
  3993,  3971,  3991,  3971
  3992,  3961,  3992,  3959
  3984,  3960,  3986,  3960
  4005,  3926,  4003,  3926
  3510,  4430,  3512,  4430
  3515,  4474,  3515,  4472
  3496,  4537,  3496,  4535
  3536,  4514,  3538,  4514
  3532,  4501,  3533,  4501
  3551,  4484,  3551,  4486
  3586,  4460,  3588,  4460
  3481,  4619,  3481,  4617
  3519,  4647,  3522,  4647
  3529,  4677,  3529,  4675
  3545,  4662,  3545,  4661
  3559,  4651,  3559,  4649
  3538,  4613,  3540,  4613
  3584,  4678,  3584,  4674
  3582,  4749,  3582,  4747
  3611,  4737,  3611,  4736
  3666,  4838,  3665,  4838
  3663,  4832,  3661,  4832
  3671,  4823,  3669,  4823
  3684,  4823,  3684,  4821
  3685,  4808,  3687,  4808
  3641,  4811,  3641,  4809
  3647,  4810,  3645,  4810
  3649,  4809,  3649,  4807
  3609,  4591,  3611,  4591
  3632,  4604,  3634,  4604
  3644,  4630,  3644,  4629
  3663,  4641,  3663,  4640
  3681,  4656,  3681,  4655
  3693,  4650,  3693,  4652
  3730,  4674,  3730,  4672
  3754,  4660,  3756,  4660
  3759,  4673,  3760,  4673
  3743,  4729,  3746,  4729
  3763,  4743,  3766,  4743
  3773,  4753,  3776,  4753
  3805,  4809,  3808,  4809
  3788,  4856,  3790,  4856
  3770,  4852,  3770,  4850
  3780,  4840,  3780,  4842
  3855,  4853,  3855,  4849
  3885,  4872,  3887,  4872
  3839,  4748,  3841,  4748
  3839,  4681,  3841,  4681
  3812,  4694,  3814,  4694
  3850,  4612,  3852,  4612
  3946,  4539,  3946,  4537
  3778,  4443,  3778,  4442
  3838,  4798,  3840,  4798
  3833,  4792,  3835,  4792
  3287,  4265,  3285,  4265
  3386,  4328,  3386,  4326
  3431,  4274,  3429,  4274
  3483,  4290,  3481,  4290
  3498,  4239,  3496,  4239
  3508,  4210,  3506,  4210
  3500,  4204,  3500,  4206
  3459,  4171,  3457,  4171
  3468,  4103,  3466,  4103
  3452,  4001,  3452,  4003
  3458,  4203,  3458,  4201
  3501,  5284,  3501,  5286
  3502,  5261,  3502,  5263
  3490,  5236,  3488,  5236
  3483,  5223,  3485,  5223
  3499,  5234,  3501,  5234
  3399,  5206,  3401,  5206
  3346,  5143,  3348,  5143
  3344,  5025,  3346,  5025
  3367,  5003,  3367,  5004
  3404,  4971,  3406,  4971
  3346,  4945,  3346,  4944
  2738,  4829,  2736,  4829
  2614,  4796,  2612,  4796
  2653,  4789,  2653,  4791
  2630,  4751,  2630,  4753
  2526,  5063,  2526,  5065
  2491,  5043,  2491,  5045
  2612,  5375,  2612,  5377
  2612,  5388,  2612,  5390
  2590,  5386,  2590,  5388
  2578,  5392,  2580,  5392
  2599,  5402,  2599,  5404
  2610,  5418,  2608,  5418
  2587,  5462,  2585,  5462
  2461,  5595,  2463,  5595
  2451,  5603,  2451,  5605
  2435,  5610,  2435,  5612
  2408,  5618,  2408,  5620
  2359,  5640,  2359,  5642
  2346,  5656,  2344,  5656
  2493,  5461,  2495,  5461
  2486,  5473,  2486,  5476
  2466,  5471,  2466,  5473
  2460,  5478,  2460,  5480
  2438,  5480,  2438,  5482
  2444,  5368,  2444,  5370
  2385,  5395,  2387,  5395
  2378,  5390,  2380,  5390
  2376,  5378,  2377,  5378
  2375,  5363,  2377,  5363
  2373,  5352,  2375,  5352
  2366,  5340,  2368,  5340
  2358,  5326,  2360,  5326
  2326,  5136,  2325,  5136
  2296,  5130,  2296,  5132
  2281,  5133,  2280,  5133
  2242,  5250,  2244,  5250
  2165,  5104,  2163,  5104
  2173,  5081,  2171,  5081
  2199,  5057,  2198,  5057
  2176,  5050,  2176,  5048
  2170,  5021,  2170,  5019
  1962,  5284,  1962,  5286
  1953,  5341,  1955,  5341
  1947,  5422,  1948,  5422
  1907,  5404,  1909,  5404
  1817,  5417,  1819,  5417
  1596,  5385,  1594,  5385
  1383,  5470,  1385,  5470
  1418,  5503,  1420,  5503
  1441,  5515,  1443,  5515
  1451,  5527,  1449,  5527
  1437,  5538,  1439,  5538
  2120,  5791,  2120,  5788
  2075,  5829,  2073,  5829
  2032,  5720,  2032,  5717
  1983,  5730,  1983,  5728
  1937,  5740,  1937,  5738
  1870,  5745,  1870,  5743
  1837,  5863,  1837,  5861
  1886,  5677,  1886,  5679
  1862,  5623,  1860,  5623
  1818,  5967,  1820,  5967
  1733,  5977,  1733,  5975
  1571,  5859,  1571,  5861
  1534,  5868,  1532,  5868
  1513,  5853,  1513,  5855
  1534,  5835,  1534,  5837
  1539,  5829,  1541,  5829
  1492,  6006,  1492,  6008
  1474,  5983,  1474,  5985
  1455,  5995,  1455,  5997
  1540,  6271,  1538,  6271
  1088,  6744,  1089,  6744
  1056,  6744,  1056,  6742
   998,  6786,   996,  6786
   983,  6833,   981,  6833
   978,  6855,   976,  6855
   955,  7030,   955,  7028
   943,  7028,   943,  7026
   947,  7013,   949,  7013
   748,  6786,   748,  6788
   765,  6789,   767,  6789
   784,  6765,   784,  6767
   788,  6750,   790,  6750
   832,  6713,   832,  6714
   842,  6716,   842,  6718
   836,  6705,   838,  6705
   871,  6741,   871,  6743
   877,  6714,   879,  6714
   890,  6691,   890,  6693
   886,  6617,   886,  6619
   894,  6613,   896,  6613
   910,  6574,   912,  6574
   914,  6509,   916,  6509
   851,  6498,   851,  6500
   899,  6410,   897,  6410
   897,  6379,   895,  6379
   877,  6367,   877,  6368
   881,  6355,   883,  6355
   867,  6337,   867,  6339
   921,  6307,   921,  6309
   826,  6269,   828,  6269
   872,  6244,   870,  6244
   860,  6235,   860,  6237
   654,  6311,   656,  6311
   653,  6159,   653,  6157
   642,  6064,   640,  6064
   667,  6087,   667,  6089
   688,  6109,   688,  6107
   705,  6095,   707,  6095
   722,  6105,   724,  6105
   725,  6083,   727,  6083
   710,  6068,   710,  6065
   952,  6119,   950,  6119
   948,  6097,   948,  6099
   938,  6090,   938,  6091
   908,  6074,   906,  6074
   882,  6065,   882,  6067
   838,  6074,   838,  6077
   874,  5973,   874,  5975
   857,  5943,   855,  5943
   862,  5923,   860,  5923
   856,  5894,   856,  5892
   875,  5879,   874,  5879
   874,  5887,   872,  5887
   876,  5889,   874,  5889
   889,  5906,   887,  5906
   898,  5917,   898,  5919
   899,  5926,   897,  5926
   895,  5937,   893,  5937
   914,  5967,   912,  5967
   998,  6023,   996,  6023
  1016,  6004,  1014,  6004
  1015,  5992,  1013,  5992
  1021,  5968,  1019,  5968
  1208,  6266,  1208,  6264
  1166,  6203,  1164,  6203
  1172,  6159,  1172,  6157
  1153,  6145,  1153,  6143
  1146,  6142,  1146,  6140
  1135,  6137,  1135,  6135
  1125,  6148,  1125,  6146
  1139,  6157,  1139,  6155
  1123,  6175,  1121,  6175
  4826,   868,  4824,   868
  3685,  4710,  3685,  4707
  3644,  4689,  3644,  4686
