Id,lenm,cols,rows,cole,rowe
1,506,4421,483,4421,485
2,31,4387,478,4387,478
3,515,4442,514,4442,516
4,217,4483,529,4483,530
5,164,4498,500,4499,500
6,31,4506,475,4506,475
7,370,4503,572,4502,572
8,372,4567,621,4566,621
9,346,4577,675,4577,676
10,347,4588,729,4588,729
11,292,4623,787,4622,787
12,183,4636,801,4636,801
13,142,4688,816,4688,816
14,203,4613,869,4613,869
15,221,4602,881,4601,881
16,165,4529,954,4529,954
17,303,4888,791,4888,791
18,111,4885,837,4885,837
19,54,4909,958,4909,958
20,385,4990,864,4989,864
21,249,4975,913,4974,913
22,92,4975,935,4974,935
23,152,4967,936,4967,935
24,391,5132,933,5132,933
25,230,5110,999,5110,999
26,299,5163,1009,5162,1009
27,230,5152,1038,5152,1038
28,71,5124,1101,5124,1101
29,333,5092,1056,5092,1056
30,164,5085,1062,5085,1062
31,153,5070,1078,5070,1078
32,59,4999,1062,4999,1062
33,57,4993,1113,4993,1113
34,82,5267,1209,5267,1209
35,53,5292,1301,5292,1301
36,20,5259,1335,5259,1335
37,56,5228,1339,5228,1339
38,416,4965,1394,4966,1394
39,426,4941,1473,4942,1473
40,450,4871,1351,4872,1351
41,271,4866,1439,4866,1439
42,515,4865,1471,4865,1470
43,406,4861,1516,4860,1516
44,410,4850,1537,4849,1537
45,316,4777,1408,4778,1408
46,259,4607,1298,4607,1298
47,126,4562,1493,4562,1493
48,40,4536,1512,4536,1512
49,232,4523,1558,4523,1558
50,216,4560,1600,4560,1600
51,237,4504,1603,4504,1603
52,190,4526,1641,4526,1641
53,405,4490,1673,4490,1674
54,353,4460,1645,4461,1645
55,51,4393,1484,4393,1484
56,122,4439,1465,4439,1465
57,551,4381,1397,4381,1398
58,87,4263,1456,4263,1456
59,237,4274,1426,4274,1426
60,211,4289,1406,4289,1406
61,42,4299,1413,4299,1413
62,127,4313,1387,4313,1387
63,85,4272,1364,4272,1364
64,907,4334,1378,4334,1381
65,113,4392,1342,4392,1342
66,94,4387,1305,4387,1305
67,836,4382,1281,4384,1281
68,814,4429,1234,4432,1234
69,145,4495,1172,4495,1172
70,643,4443,1171,4445,1171
71,72,4373,991,4373,991
72,62,4384,1002,4384,1002
73,61,4404,1029,4404,1029
74,18,4418,1033,4418,1033
75,183,4485,1055,4485,1055
76,155,4524,1096,4524,1096
77,96,4626,1159,4626,1159
78,173,4668,1129,4668,1129
79,157,4690,1013,4690,1013
80,101,4610,1121,4610,1122
81,149,4601,1113,4601,1113
82,153,4600,1081,4600,1081
83,79,4599,1068,4599,1068
84,229,4595,1067,4595,1067
85,144,4622,1062,4622,1062
86,326,4614,1049,4614,1049
87,106,4586,1044,4586,1044
88,278,4569,1073,4569,1073
89,642,4475,1113,4475,1115
90,782,4451,1132,4453,1132
91,67,4139,1542,4139,1542
92,166,4082,1494,4082,1494
93,70,4032,1536,4032,1536
94,186,4009,1530,4009,1530
95,100,3988,1531,3988,1531
96,266,3844,1718,3844,1718
97,279,3814,1720,3814,1720
98,366,3980,2491,3980,2491
99,290,3986,2548,3986,2548
100,245,3999,2571,3999,2571
101,215,4001,2578,4001,2578
102,79,3974,2596,3974,2596
103,117,4015,2616,4015,2616
104,46,4072,2629,4072,2629
105,38,4250,2538,4250,2538
106,185,4239,2526,4239,2526
107,22,4235,2519,4235,2519
108,46,4243,2507,4243,2507
109,97,4272,2667,4272,2667
110,101,4297,2646,4297,2646
111,24,4277,2817,4277,2817
112,70,4253,2756,4253,2756
113,43,4235,2766,4235,2766
114,80,4055,2776,4055,2776
115,136,3958,2822,3958,2822
116,312,3959,2776,3959,2776
117,262,3917,2783,3917,2783
118,44,4218,2942,4218,2942
119,59,4212,2941,4212,2941
120,64,4212,2960,4212,2960
121,153,4209,3028,4209,3028
122,376,3910,3095,3909,3095
123,274,3890,3065,3890,3065
124,77,3888,3249,3888,3249
125,153,3872,3208,3872,3208
126,109,3868,3195,3868,3195
127,197,3862,3180,3862,3180
128,255,4202,3172,4202,3172
129,66,4209,3172,4209,3172
130,403,4199,3234,4200,3234
131,406,4211,3280,4211,3279
132,491,4213,3329,4214,3329
133,598,4215,3385,4215,3385
134,256,4248,3474,4248,3474
135,199,4252,3502,4252,3502
136,286,4252,3523,4252,3523
137,338,4250,3550,4250,3550
138,414,4234,3589,4235,3589
139,152,4201,3578,4201,3578
140,248,4179,3587,4179,3587
141,163,4183,3630,4183,3629
142,161,4138,3635,4138,3635
143,172,4144,3588,4144,3588
144,199,4152,3558,4152,3558
145,144,4072,3481,4072,3481
146,13,4064,3488,4064,3488
147,105,4052,3458,4052,3458
148,41,3977,3478,3977,3478
149,138,3920,3428,3920,3428
150,85,3914,3423,3914,3423
151,168,3908,3458,3908,3458
152,263,3958,3558,3958,3558
153,151,3933,3522,3933,3522
154,240,3915,3504,3915,3504
155,217,3902,3482,3902,3482
156,167,3886,3485,3886,3485
157,173,3861,3475,3861,3475
158,167,3846,3468,3846,3468
159,438,3833,3447,3833,3448
160,607,3811,3418,3811,3420
161,715,3791,3413,3787,3413
162,224,3780,3437,3780,3437
163,305,3793,3492,3793,3492
164,161,3791,3538,3791,3538
165,283,3952,3609,3951,3609
166,501,3947,3638,3945,3638
167,146,3932,3650,3932,3650
168,205,3930,3700,3929,3700
169,342,3932,3678,3932,3676
170,92,3918,3664,3918,3664
171,84,3884,3696,3884,3696
172,14,3806,3877,3806,3877
173,209,3885,3845,3885,3845
174,220,3862,3809,3862,3809
175,62,3830,3835,3830,3835
176,95,3837,3826,3837,3826
177,350,3856,3786,3856,3786
178,164,3873,3745,3873,3745
179,53,3840,3653,3839,3653
180,42,3858,3625,3858,3624
181,34,4033,3744,4033,3744
182,33,4066,3728,4066,3728
183,17,3983,3843,3983,3843
184,15,3987,3843,3987,3843
185,44,4017,3865,4017,3865
186,157,4040,3834,4040,3834
187,146,4063,3823,4063,3823
188,229,4081,3876,4081,3876
189,50,3972,4252,3972,4252
190,112,3907,4256,3907,4256
191,100,3952,4183,3952,4183
192,189,3966,4177,3966,4177
193,194,3971,4124,3971,4124
194,166,3969,4075,3969,4075
195,274,3988,4035,3988,4035
196,36,3945,3993,3945,3993
197,85,3969,3958,3969,3958
198,122,3992,3971,3992,3971
199,181,3992,3960,3992,3960
200,155,3985,3960,3985,3960
201,280,4004,3926,4004,3926
202,24,3511,4430,3511,4430
203,44,3515,4473,3515,4473
204,56,3496,4536,3496,4536
205,100,3537,4514,3537,4514
206,45,3532,4501,3533,4501
207,29,3551,4485,3551,4485
208,25,3587,4460,3587,4460
209,18,3481,4618,3481,4618
210,295,3520,4647,3520,4647
211,151,3529,4676,3529,4676
212,370,3545,4662,3545,4661
213,212,3559,4650,3559,4650
214,229,3539,4613,3539,4613
215,945,3584,4678,3584,4674
216,115,3582,4748,3582,4748
217,354,3611,4737,3611,4736
218,224,3666,4838,3665,4838
219,71,3663,4832,3661,4832
220,206,3670,4823,3670,4823
221,613,3684,4823,3684,4821
222,813,3686,4808,3686,4808
223,199,3641,4810,3641,4810
224,140,3646,4810,3646,4810
225,178,3649,4808,3649,4808
226,44,3610,4591,3610,4591
227,81,3633,4604,3633,4604
228,321,3644,4630,3644,4629
229,276,3663,4641,3663,4640
230,322,3681,4656,3681,4655
231,115,3693,4651,3693,4651
232,32,3730,4674,3730,4672
233,130,3755,4660,3755,4660
234,372,3759,4673,3760,4673
235,760,3743,4729,3746,4729
236,808,3763,4743,3766,4743
237,574,3773,4753,3776,4753
238,545,3805,4809,3808,4809
239,214,3789,4856,3789,4856
240,78,3770,4851,3770,4851
241,108,3780,4841,3780,4841
242,1099,3855,4853,3855,4849
243,277,3886,4872,3886,4872
244,264,3840,4748,3840,4748
245,150,3840,4681,3840,4681
246,166,3813,4694,3813,4694
247,77,3851,4612,3851,4612
248,174,3946,4538,3946,4538
249,228,3778,4443,3778,4442
250,187,3839,4798,3839,4798
251,285,3834,4792,3834,4792
252,217,3286,4265,3286,4265
253,83,3386,4327,3386,4327
254,158,3430,4274,3430,4274
255,159,3482,4290,3482,4290
256,167,3497,4239,3497,4239
257,170,3507,4210,3507,4210
258,206,3500,4205,3500,4205
259,368,3458,4171,3458,4171
260,921,3468,4103,3466,4103
261,195,3452,4002,3452,4002
262,145,3458,4202,3458,4202
263,176,3501,5285,3501,5285
264,195,3502,5262,3502,5262
265,131,3489,5236,3489,5236
266,36,3484,5223,3484,5223
267,54,3500,5234,3500,5234
268,592,3400,5206,3400,5206
269,254,3347,5143,3347,5143
270,137,3345,5025,3345,5025
271,257,3367,5003,3367,5004
272,212,3405,4971,3405,4971
273,326,3346,4945,3346,4944
274,161,2737,4829,2737,4829
275,182,2613,4796,2613,4796
276,147,2653,4790,2653,4790
277,268,2630,4752,2630,4752
278,28,2526,5064,2526,5064
279,125,2491,5044,2491,5044
280,114,2612,5376,2612,5376
281,85,2612,5389,2612,5389
282,66,2590,5387,2590,5387
283,99,2579,5392,2579,5392
284,152,2599,5403,2599,5403
285,156,2609,5418,2609,5418
286,121,2586,5462,2586,5462
287,222,2462,5595,2462,5595
288,64,2451,5604,2451,5604
289,257,2435,5611,2435,5611
290,309,2408,5619,2408,5619
291,240,2359,5641,2359,5641
292,193,2345,5656,2345,5656
293,67,2494,5461,2494,5461
294,86,2486,5474,2486,5474
295,152,2466,5472,2466,5472
296,116,2460,5479,2460,5479
297,209,2438,5481,2438,5481
298,658,2444,5368,2444,5370
299,119,2386,5395,2386,5395
300,134,2379,5390,2379,5390
301,257,2376,5378,2377,5378
302,104,2376,5363,2376,5363
303,62,2374,5352,2374,5352
304,33,2367,5340,2367,5340
305,22,2359,5326,2359,5326
306,341,2326,5136,2325,5136
307,320,2296,5131,2296,5131
308,458,2281,5133,2280,5133
309,147,2243,5250,2243,5250
310,127,2164,5104,2164,5104
311,160,2172,5081,2172,5081
312,86,2199,5057,2198,5057
313,162,2176,5049,2176,5049
314,32,2170,5020,2170,5020
315,108,1962,5285,1962,5285
316,127,1954,5341,1954,5341
317,478,1947,5422,1948,5422
318,131,1908,5404,1908,5404
319,172,1818,5417,1818,5417
320,56,1595,5385,1595,5385
321,67,1384,5470,1384,5470
322,121,1419,5503,1419,5503
323,241,1442,5515,1442,5515
324,104,1450,5527,1450,5527
325,307,1438,5538,1438,5538
326,349,2120,5790,2120,5790
327,130,2074,5829,2074,5829
328,834,2032,5720,2032,5717
329,152,1983,5729,1983,5729
330,481,1937,5740,1937,5738
331,193,1870,5744,1870,5744
332,77,1837,5862,1837,5862
333,49,1886,5678,1886,5678
334,133,1861,5623,1861,5623
335,204,1819,5967,1819,5967
336,314,1733,5976,1733,5976
337,66,1571,5860,1571,5860
338,35,1533,5868,1533,5868
339,220,1513,5854,1513,5854
340,38,1534,5836,1534,5836
341,19,1540,5829,1540,5829
342,77,1492,6007,1492,6007
343,58,1474,5984,1474,5984
344,186,1455,5996,1455,5996
345,19,1539,6271,1539,6271
346,394,1088,6744,1089,6744
347,200,1056,6743,1056,6743
348,209,997,6786,997,6786
349,126,982,6833,982,6833
350,88,977,6855,977,6855
351,229,955,7029,955,7029
352,141,943,7027,943,7027
353,85,948,7013,948,7013
354,154,748,6787,748,6787
355,129,766,6789,766,6789
356,143,784,6766,784,6766
357,154,789,6750,789,6750
358,264,832,6713,832,6714
359,163,842,6717,842,6717
360,130,837,6705,837,6705
361,124,871,6742,871,6742
362,139,878,6714,878,6714
363,149,890,6692,890,6692
364,163,886,6618,886,6618
365,83,895,6613,895,6613
366,65,911,6574,911,6574
367,70,915,6509,915,6509
368,178,851,6499,851,6499
369,167,898,6410,898,6410
370,92,896,6379,896,6379
371,467,877,6367,877,6368
372,134,882,6355,882,6355
373,121,867,6338,867,6338
374,52,921,6308,921,6308
375,257,827,6269,827,6269
376,180,871,6244,871,6244
377,169,860,6236,860,6236
378,39,655,6311,655,6311
379,29,653,6158,653,6158
380,104,641,6064,641,6064
381,23,667,6088,667,6088
382,93,688,6108,688,6108
383,30,706,6095,706,6095
384,206,723,6105,723,6105
385,44,726,6083,726,6083
386,32,710,6066,710,6066
387,81,951,6119,951,6119
388,80,948,6098,948,6098
389,231,938,6090,938,6091
390,127,907,6074,907,6074
391,292,882,6066,882,6066
392,354,838,6075,838,6075
393,63,874,5974,874,5974
394,90,856,5943,856,5943
395,220,861,5923,861,5923
396,104,856,5893,856,5893
397,371,875,5879,874,5879
398,217,873,5887,873,5887
399,206,875,5889,875,5889
400,216,888,5906,888,5906
401,48,898,5918,898,5918
402,63,898,5926,898,5926
403,55,894,5937,894,5937
404,38,913,5967,913,5967
405,66,997,6023,997,6023
406,105,1015,6004,1015,6004
407,93,1014,5992,1014,5992
408,193,1020,5968,1020,5968
409,56,1208,6265,1208,6265
410,137,1165,6203,1165,6203
411,309,1172,6158,1172,6158
412,276,1153,6144,1153,6144
413,196,1146,6141,1146,6141
414,41,1135,6136,1135,6136
415,115,1125,6147,1125,6147
416,85,1139,6156,1139,6156
417,19,1122,6175,1122,6175
418,36,4825,868,4825,868
419,643,3685,4710,3685,4707
420,884,3644,4689,3644,4686
